"date","cases","deaths"
"1/22/20",0,0
"1/23/20",0,0
"1/24/20",0,0
"1/25/20",0,0
"1/26/20",0,0
"1/27/20",0,0
"1/28/20",0,0
"1/29/20",0,0
"1/30/20",0,0
"1/31/20",0,0
"2/1/20",0,0
"2/2/20",0,0
"2/3/20",0,0
"2/4/20",0,0
"2/5/20",0,0
"2/6/20",0,0
"2/7/20",0,0
"2/8/20",0,0
"2/9/20",0,0
"2/10/20",0,0
"2/11/20",0,0
"2/12/20",0,0
"2/13/20",0,0
"2/14/20",0,0
"2/15/20",0,0
"2/16/20",0,0
"2/17/20",0,0
"2/18/20",0,0
"2/19/20",0,0
"2/20/20",0,0
"2/21/20",0,0
"2/22/20",0,0
"2/23/20",0,0
"2/24/20",0,0
"2/25/20",0,0
"2/26/20",0,0
"2/27/20",0,0
"2/28/20",0,0
"2/29/20",0,0
"3/1/20",0,0
"3/2/20",0,0
"3/3/20",0,0
"3/4/20",0,0
"3/5/20",0,0
"3/6/20",0,0
"3/7/20",0,0
"3/8/20",0,0
"3/9/20",0,0
"3/10/20",0,0
"3/11/20",0,0
"3/12/20",0,0
"3/13/20",0,0
"3/14/20",2,0
"3/15/20",10,0
"3/16/20",17,0
"3/17/20",33,0
"3/18/20",36,0
"3/19/20",42,0
"3/20/20",42,0
"3/21/20",70,0
"3/22/20",70,0
"3/23/20",77,0
"3/24/20",84,0
"3/25/20",91,0
"3/26/20",107,0
"3/27/20",107,1
"3/28/20",119,2
"3/29/20",119,2
"3/30/20",135,3
"3/31/20",135,3
"4/1/20",143,3
"4/2/20",146,5
"4/3/20",153,7
"4/4/20",155,7
"4/5/20",159,7
"4/6/20",165,7
"4/7/20",165,7
"4/8/20",167,9
"4/9/20",171,9
"4/10/20",171,9
"4/11/20",175,9
"4/12/20",181,9
"4/13/20",189,9
"4/14/20",189,9
"4/15/20",197,9
"4/16/20",204,9
"4/17/20",204,9
"4/18/20",227,9
"4/19/20",256,9
"4/20/20",256,9
"4/21/20",285,10
"4/22/20",288,10
"4/23/20",311,10
"4/24/20",318,10
"4/25/20",323,10
"4/26/20",325,10
"4/27/20",329,10
"4/28/20",329,10
"4/29/20",331,10
"4/30/20",333,16
"5/1/20",335,10
"5/2/20",345,10
"5/3/20",357,10
"5/4/20",357,10
"5/5/20",361,10
"5/6/20",379,10
"5/7/20",381,10
"5/8/20",388,10
"5/9/20",402,10
"5/10/20",414,10
"5/11/20",422,10
"5/12/20",423,10
"5/13/20",423,10
"5/14/20",455,10
"5/15/20",459,10
"5/16/20",504,10
"5/17/20",541,10
"5/18/20",618,10
"5/19/20",749,10
"5/20/20",824,10
"5/21/20",882,10
"5/22/20",944,10
"5/23/20",1010,10
"5/24/20",1121,10
"5/25/20",1177,10
"5/26/20",1211,11
"5/27/20",1245,11
"5/28/20",1325,11
"5/29/20",1370,14
"5/30/20",1459,14
"5/31/20",1510,14
"6/1/20",1662,17
"6/2/20",1819,18
"6/3/20",1952,20
"6/4/20",2087,20
"6/5/20",2145,20
"6/6/20",2316,22
"6/7/20",2377,22
"6/8/20",2473,22
"6/9/20",2632,23
"6/10/20",2738,23
"6/11/20",2814,23
"6/12/20",2879,23
"6/13/20",2904,24
"6/14/20",2978,25
"6/15/20",3062,26
"6/16/20",3150,27
"6/17/20",3386,28
"6/18/20",3483,28
"6/19/20",3591,30
"6/20/20",3789,33
"6/21/20",3917,33
"6/22/20",4048,35
"6/23/20",4187,35
"6/24/20",4366,38
"6/25/20",4563,39
"6/26/20",4779,41
"6/27/20",5130,42
"6/28/20",5297,44
"6/29/20",5530,48
"6/30/20",5832,51
"7/1/20",6062,54
"7/2/20",6273,57
"7/3/20",6537,59
"7/4/20",6750,62
"7/5/20",7169,65
"7/6/20",7411,68
"7/7/20",7693,71
"7/8/20",8008,75
"7/9/20",8372,80
"7/10/20",8803,83
"7/11/20",9178,85
"7/12/20",9465,89
"7/13/20",9707,93
"7/14/20",10010,96
"7/15/20",10428,100
"7/16/20",10854,104
"7/17/20",11191,107
"7/18/20",11483,110
"7/19/20",11891,112
"7/20/20",12334,116
"7/21/20",12774,120
"7/22/20",13164,124
"7/23/20",13613,129
"7/24/20",14263,134
"7/25/20",14929,138
"7/26/20",15463,142
"7/27/20",15988,146
"7/28/20",16571,151
"7/29/20",17158,156
"7/30/20",17859,158
"7/31/20",18574,164
"8/1/20",19443,169
"8/2/20",20206,174
"8/3/20",20754,180
"8/4/20",21438,187
"8/5/20",22299,195
"8/6/20",23280,202
"8/7/20",24166,208
"8/8/20",24961,215
"8/9/20",25805,223
"8/10/20",26800,229
"8/11/20",27938,238
"8/12/20",29088,247
"8/13/20",30369,259
"8/14/20",31381,266
"8/15/20",32607,276
"8/16/20",33755,281
"8/17/20",34802,288
"8/18/20",35697,297
"8/19/20",36868,303
"8/20/20",37567,311
"8/21/20",38219,317
"8/22/20",38957,323
"8/23/20",39564,329
"8/24/20",40338,337
"8/25/20",41158,343
"8/26/20",41965,351
"8/27/20",42898,358
"8/28/20",43879,366
"8/29/20",44946,375
"8/30/20",45868,381
"8/31/20",46728,386
"9/1/20",47756,391
"9/2/20",48883,398
"9/3/20",49877,402
"9/4/20",50973,412
"9/5/20",52165,420
"9/6/20",53289,428
"9/7/20",54350,436
"9/8/20",55563,444
"9/9/20",56751,452
"9/10/20",57823,460
"9/11/20",58663,468
"9/12/20",59630,477
"9/13/20",60540,485
"9/14/20",61569,494
"9/15/20",62655,502
"9/16/20",63416,511
"9/17/20",64284,520
"9/18/20",65174,530
"9/19/20",65949,539
"9/20/20",66656,547
"9/21/20",67443,555
"9/22/20",68453,564
"9/23/20",69439,574
"9/24/20",70406,581
"9/25/20",71273,591
"9/26/20",71940,600
"9/27/20",72691,606
"9/28/20",73528,614
"9/29/20",74363,621
"9/30/20",75122,628
"10/1/20",76029,635
"10/2/20",76820,643
"10/3/20",77646,649
"10/4/20",78434,653
"10/5/20",79117,658
"10/6/20",79796,665
"10/7/20",80404,671
"10/8/20",81019,678
"10/9/20",81696,684
"10/10/20",82453,691
"10/11/20",83137,697
"10/12/20",83756,704
"10/13/20",84391,710
"10/14/20",85005,714
"10/15/20",85469,720
"10/16/20",85758,725
"10/17/20",86289,731
"10/18/20",86636,736
"10/19/20",86636,736
"10/20/20",87644,747
"10/21/20",88035,753
"10/22/20",88416,759
"10/23/20",88718,764
"10/24/20",89142,770
"10/25/20",89565,773
"10/26/20",90047,777
"10/27/20",90400,780
"10/28/20",90876,784
"10/29/20",91280,789
"10/30/20",91589,793
"10/31/20",92013,798
"11/1/20",92325,801
"11/2/20",92705,806
"11/3/20",93100,810
"11/4/20",93480,814
"11/5/20",93921,819
"11/6/20",94305,821
"11/7/20",94698,824
"11/8/20",94883,826
"11/9/20",95149,830
"11/10/20",95445,834
"11/11/20",95750,838
"11/12/20",96140,841
"11/13/20",96441,844
"11/14/20",96933,848
"11/15/20",97352,851
"11/16/20",97739,855
"11/17/20",98050,858
"11/18/20",98350,860
"11/19/20",98665,863
"11/20/20",99017,866
"11/21/20",99435,869
"11/22/20",99835,871
"11/23/20",100143,873
"11/24/20",100498,876
"11/25/20",100817,880
"11/26/20",101215,884
"11/27/20",101524,888
"11/28/20",101760,892
"11/29/20",102040,894
"11/30/20",102394,897
"12/1/20",102621,901
"12/2/20",103067,905
"12/3/20",103548,909
"12/4/20",103877,913
"12/5/20",104177,916
"12/6/20",104442,919
"12/7/20",104904,924
"12/8/20",105384,928
"12/9/20",105852,933
"12/10/20",106280,938
"12/11/20",106715,944
"12/12/20",107177,949
"12/13/20",107786,954
"12/14/20",108125,960
"12/15/20",108480,965
"12/16/20",108717,970
"12/17/20",109081,975
"12/18/20",109395,979
"12/19/20",109781,984
"12/20/20",110075,988
"12/21/20",110513,993
"12/22/20",110828,997
"12/23/20",111024,1002
"12/24/20",111245,1006
"12/25/20",111603,1010
"12/26/20",111951,1013
"12/27/20",112316,1014
"12/28/20",112636,1018
"12/29/20",112861,1021
"12/30/20",113121,1025
"12/31/20",113558,1028
"1/1/21",113884,1030
"1/2/21",114083,1032
"1/3/21",114230,1034
"1/4/21",114407,1038
"1/5/21",114662,1042
"1/6/21",114908,1047
"1/7/21",115322,1052
"1/8/21",115667,1056
"1/9/21",116172,1061
"1/10/21",116610,1061
"1/11/21",116983,1073
"1/12/21",117299,1078
"1/13/21",117811,1084
"1/14/21",118415,1090
"1/15/21",118856,1095
"1/16/21",119306,1101
"1/17/21",119803,1106
"1/18/21",120444,1112
"1/19/21",121117,1116
"1/20/21",121691,1122
"1/21/21",122260,1129
"1/22/21",122795,1136
"1/23/21",123245,1142
"1/24/21",123709,1148
"1/25/21",124112,1154
"1/26/21",124525,1159
"1/27/21",124958,1165
"1/28/21",125364,1171
"1/29/21",125776,1177
"1/30/21",126323,1183
"1/31/21",126927,1189
"2/1/21",127346,1196
"2/2/21",127752,1202
"2/3/21",128315,1209
"2/4/21",128775,1216
"2/5/21",129231,1223
"2/6/21",129643,1228
"2/7/21",130116,1233
"2/8/21",130596,1240
"2/9/21",131096,1247
"2/10/21",131476,1253
"2/11/21",131828,1260
"2/12/21",132259,1267
"2/13/21",132743,1273
"2/14/21",133218,1279
"2/15/21",133577,1285
"2/16/21",133927,1292
"2/17/21",134319,1297
"2/18/21",134781,1303
"2/19/21",135114,1308
"2/20/21",135603,1312
"2/21/21",136068,1316
"2/22/21",136545,1320
"2/23/21",136986,1325
"2/24/21",137445,1331
"2/25/21",137871,1334
"2/26/21",138295,1338
"2/27/21",138739,1341
"2/28/21",139116,1344
"3/1/21",139545,1348
"3/2/21",139934,1353
"3/3/21",140383,1358
"3/4/21",140960,1364
"3/5/21",141356,1371
"3/6/21",141885,1378
"3/7/21",142338,1384
"3/8/21",142774,1391
"3/9/21",143321,1399
"3/10/21",143321,1399
"3/11/21",144277,1415
"3/12/21",144786,1422
"3/13/21",145379,1430
"3/14/21",145379,1430
"3/15/21",146488,1444
"3/16/21",147028,1451
"3/17/21",147577,1459
"3/18/21",148208,1467
"3/19/21",149145,1475
"3/20/21",150306,1483
"3/21/21",151123,1493
"3/22/21",151894,1502
"3/23/21",152508,1511
"3/24/21",153315,1521
"3/25/21",154165,1532
"3/26/21",154905,1543
"3/27/21",155663,1555
"3/28/21",156655,1565
"3/29/21",157943,1577
"3/30/21",159149,1589
"3/31/21",160497,1602
"4/1/21",161751,1615
"4/2/21",162730,1629
"4/3/21",164337,1647
"4/4/21",166123,1662
"4/5/21",167548,1678
"4/6/21",169074,1693
"4/7/21",170189,1705
"4/8/21",171373,1720
"4/9/21",172461,1739
"4/10/21",173786,1759
"4/11/21",174887,1778
"4/12/21",175812,1795
"4/13/21",176972,1815
"4/14/21",178094,1834
"4/15/21",179365,1853
"4/16/21",180609,1870
"4/17/21",181903,1888
"4/18/21",183190,1905
"4/19/21",184595,1925
"4/20/21",185736,1944
"4/21/21",186745,1965
"4/22/21",188063,1987
"4/23/21",189381,2009
"4/24/21",190523,2028
"4/25/21",191518,2047
"4/26/21",192498,2065
"4/27/21",193721,2082
"4/28/21",194959,2099
"4/29/21",196386,2117
"4/30/21",197683,2136
"5/1/21",198865,2155
"5/2/21",200067,2172
"5/3/21",200931,2189
"5/4/21",201807,2208
"5/5/21",202578,2226
"5/6/21",204057,2244
"5/7/21",205181,2263
"5/8/21",206549,2280
"5/9/21",207870,2291
"5/10/21",209162,2304
"5/11/21",210116,2320
"5/12/21",210948,2337
"5/13/21",211838,2352
"5/14/21",212998,2366
"5/15/21",212998,2366
"5/16/21",215301,2396
"5/17/21",216415,2411
"5/18/21",217603,2428
"5/19/21",218814,2446
"5/20/21",219864,2465
"5/21/21",221042,2483
"5/22/21",222052,2499
"5/23/21",223345,2513
"5/24/21",224819,2528
"5/25/21",226136,2544
"5/26/21",227407,2559
"5/27/21",228828,2576
"5/28/21",230147,2595
"5/29/21",231443,2615
"5/30/21",232800,2629
"5/31/21",234165,2646
"6/1/21",235567,2661
"6/2/21",236755,2674
"6/3/21",238013,2689
"6/4/21",239252,2698
"6/5/21",240714,2708
"6/6/21",242138,2719
"6/7/21",243621,2734
"6/8/21",245300,2750
"6/9/21",246764,2764
"6/10/21",247847,2781
"6/11/21",248820,2797
"6/12/21",250309,2814
"6/13/21",251686,2829
"6/14/21",252883,2845
"6/15/21",254116,2865
"6/16/21",255457,2886
"6/17/21",256862,2906
"6/18/21",258140,2925
"6/19/21",259413,2943
"6/20/21",260740,2958
"6/21/21",262038,2973
"6/22/21",263372,2989
"6/23/21",263372,2989
"6/24/21",265642,3023
"6/25/21",266952,3038
"6/26/21",268349,3055
"6/27/21",269635,3068
"6/28/21",269635,3068
"6/29/21",270654,3084
"6/30/21",272712,3119
"7/1/21",274024,3136
"7/2/21",275205,3154
"7/3/21",276395,3173
"7/4/21",277635,3190
"7/5/21",278665,3209
"7/6/21",279813,3222
"7/7/21",280980,3239
"7/8/21",281907,3253
"7/9/21",282940,3264
"7/10/21",283742,3278
"7/11/21",283742,3278
"7/12/21",285910,3302
"7/13/21",286990,3315
"7/14/21",288099,3327
"7/15/21",289362,3339
"7/16/21",290524,3350
"7/17/21",291716,3362
"7/18/21",292779,3377
"7/19/21",293866,3392
"7/20/21",293866,3392
"7/21/21",295746,3426
"7/22/21",296863,3443
"7/23/21",296863,3443
"7/24/21",298804,3475
"7/25/21",299822,3492
"7/26/21",300919,3509
"7/27/21",301979,3524
"7/28/21",302988,3542
"7/29/21",303797,3558
"7/30/21",304726,3576
"7/31/21",305766,3591
"8/1/21",306673,3607
"8/2/21",307570,3623
"8/3/21",308452,3637
"8/4/21",309218,3649
"8/5/21",309981,3666
"8/6/21",310960,3682
"8/7/21",312115,3694
"8/8/21",312115,3694
"8/9/21",312931,3705
"8/10/21",314480,3733
"8/11/21",314480,3733
"8/12/21",316449,3764
"8/13/21",317334,3781
"8/14/21",318185,3789
"8/15/21",319094,3799
"8/16/21",319955,3815
"8/17/21",319955,3815
"8/18/21",320922,3830
"8/19/21",322757,3859
"8/20/21",322757,3859
"8/21/21",324642,3886
"8/22/21",324642,3886
"8/23/21",326522,3909
"8/24/21",327450,3924
"8/25/21",328550,3940
"8/26/21",329736,3955
"8/27/21",329736,3955
"8/28/21",332172,3986
"8/29/21",333125,3998
"8/30/21",334343,4010
"8/31/21",334343,4010
"9/1/21",335233,4026
"9/2/21",337359,4056
"9/3/21",337359,4056
"9/4/21",338300,4072
"9/5/21",339255,4086
"9/6/21",340187,4098
"9/7/21",342148,4133
"9/8/21",342148,4133
"9/9/21",344297,4167
"9/10/21",345560,4179
"9/11/21",346755,4192
"9/12/21",346755,4192
"9/13/21",347647,4203
"9/14/21",348873,4214
"9/15/21",349731,4228
"9/16/21",350795,4245
"9/17/21",353401,4275
"9/18/21",353401,4275
"9/19/21",354239,4291
"9/20/21",356262,4311
"9/21/21",356262,4311
"9/22/21",358462,4346
"9/23/21",358462,4346
"9/24/21",359633,4363
"9/25/21",362040,4395
"9/26/21",362040,4395
"9/27/21",363300,4412
"9/28/21",366150,4443
"9/29/21",367672,4454
"9/30/21",368968,4469
"10/1/21",368968,4469
"10/2/21",370368,4483
"10/3/21",373332,4510
"10/4/21",373332,4510
"10/5/21",376311,4539
"10/6/21",377833,4558
"10/7/21",379352,4576
"10/8/21",380856,4592
"10/9/21",382266,4606
"10/10/21",383376,4617
"10/11/21",384668,4634
"10/12/21",384668,4634
"10/13/21",385952,4652
"10/14/21",388743,4681
"10/15/21",390045,4693
"10/16/21",390045,4693
"10/17/21",392762,4719
"10/18/21",394061,4734
"10/19/21",395223,4748
"10/20/21",396477,4763
"10/21/21",396477,4763
"10/22/21",397370,4775
"10/23/21",399667,4800
"10/24/21",400511,4810
"10/25/21",401259,4822
"10/26/21",401259,4822
"10/27/21",402407,4836
"10/28/21",403318,4848
"10/29/21",404387,4860
"10/30/21",406239,4884
"10/31/21",407151,4891
"11/1/21",407866,4902
"11/2/21",408727,4915
"11/3/21",409695,4925
"11/4/21",410648,4936
"11/5/21",411574,4946
"11/6/21",412472,4955
"11/7/21",413135,4965
"11/8/21",414220,4976
"11/9/21",414220,4976
"11/10/21",416190,4996
"11/11/21",416190,4996
"11/12/21",417998,5010
"11/13/21",418900,5019
"11/14/21",419745,5026
"11/15/21",420500,5034
"11/16/21",420500,5034
"11/17/21",422229,5049
"11/18/21",422229,5049
"11/19/21",423633,5066
"11/20/21",424441,5073
"11/21/21",425213,5079
"11/22/21",426014,5088
"11/23/21",426014,5088
"11/24/21",426799,5097
"11/25/21",428453,5115
"11/26/21",429360,5124
"11/27/21",430046,5131
"11/28/21",430696,5138
"11/29/21",431296,5144
"11/30/21",431296,5144
"12/1/21",432514,5161
"12/2/21",433208,5170
"12/3/21",433660,5177
"12/4/21",434133,5186
"12/5/21",434918,5193
"12/6/21",434918,5193
"12/7/21",435461,5202
"12/8/21",435825,5208
"12/9/21",436602,5223
"12/10/21",437113,5229
"12/11/21",437887,5234
"12/12/21",438683,5239
"12/13/21",438683,5239
"12/14/21",439089,5245
"12/15/21",439444,5250
"12/16/21",439935,5258
"12/17/21",440398,5265
"12/18/21",440784,5272
"12/19/21",441562,5285
"12/20/21",441562,5285
"12/21/21",441937,5291
"12/22/21",442178,5299
"12/23/21",442431,5306
"12/24/21",442999,5312
"12/25/21",442999,5312
"12/26/21",443332,5314
"12/27/21",443332,5314
"12/28/21",443983,5319
"12/29/21",443983,5319
"12/30/21",444411,5324
"12/31/21",444635,5328
"1/1/22",444828,5331
"1/2/22",444972,5333
"1/3/22",445082,5335
"1/4/22",445369,5337
"1/5/22",445680,5341
"1/6/22",445680,5341
"1/7/22",446026,5345
"1/8/22",446427,5348
"1/9/22",447288,5357
"1/10/22",447288,5357
"1/11/22",447865,5361
"1/12/22",449730,5370
"1/13/22",449730,5370
"1/14/22",452430,5376
"1/15/22",452430,5376
"1/16/22",455023,5380
"1/17/22",456641,5383
"1/18/22",456641,5383
"1/19/22",461059,5392
"1/20/22",463145,5395
"1/21/22",465463,5399
"1/22/22",467864,5402
"1/23/22",469566,5405
"1/24/22",469566,5405
"1/25/22",471389,5410
"1/26/22",475135,5419
"1/27/22",477022,5425
"1/28/22",479011,5430
"1/29/22",481375,5436
"1/30/22",484021,5440
"1/31/22",485974,5447
"2/1/22",485974,5447
"2/2/22",487775,5454
"2/3/22",491016,5469
"2/4/22",492678,5474
"2/5/22",494835,5481
"2/6/22",496283,5487
"2/7/22",496283,5487
"2/8/22",497977,5495
"2/9/22",499537,5504
"2/10/22",501586,5521
"2/11/22",501586,5521
"2/12/22",503162,5529
"2/13/22",504719,5538
"2/14/22",505947,5549
"2/15/22",506977,5556
"2/16/22",508042,5564
"2/17/22",508968,5572
"2/18/22",509947,5591
"2/19/22",510553,5602
"2/20/22",510553,5602
"2/21/22",511073,5609
"2/22/22",511772,5616
"2/23/22",512560,5624
"2/24/22",512947,5625
"2/25/22",513427,5628
"2/26/22",514315,5631
"2/27/22",514315,5631
"2/28/22",515124,5636
"3/1/22",515124,5636
"3/2/22",515582,5639
"3/3/22",515943,5643
"3/4/22",516236,5645
"3/5/22",516578,5647
"3/6/22",516817,5649
"3/7/22",516817,5649
"3/8/22",516966,5650
"3/9/22",517164,5652
"3/10/22",517720,5655
"3/11/22",517720,5655
"3/12/22",517999,5656
"3/13/22",518410,5658
"3/14/22",518410,5658
"3/15/22",518460,5659
"3/16/22",519059,5663
"3/17/22",519059,5663
"3/18/22",519245,5664
"3/19/22",519420,5666
"3/20/22",519670,5668
"3/21/22",519724,5670
"3/22/22",519797,5671
"3/23/22",519797,5671
"3/24/22",519872,5673
"3/25/22",520038,5676
"3/26/22",520077,5677
"3/27/22",520113,5679
"3/28/22",520169,5680
"3/29/22",520169,5680
"3/30/22",520373,5682
"3/31/22",520373,5682
"4/1/22",520497,5683
"4/2/22",520708,5685
"4/3/22",520843,5686
"4/4/22",520905,5687
"4/5/22",521030,5688
"4/6/22",521105,5689
"4/7/22",521186,5691
"4/8/22",521325,5692
"4/9/22",521373,5693
"4/10/22",521471,5695
"4/11/22",521471,5695
"4/12/22",521546,5696
"4/13/22",521714,5698
"4/14/22",521880,5699
"4/15/22",521946,5700
"4/16/22",522034,5701
"4/17/22",522042,5701
"4/18/22",522049,5702
"4/19/22",522055,5703
"4/20/22",522056,5704
"4/21/22",522056,5704
"4/22/22",522088,5705
"4/23/22",522121,5705
"4/24/22",522176,5706
"4/25/22",522234,5706
"4/26/22",522243,5706
"4/27/22",522263,5706
"4/28/22",522263,5706
"4/29/22",522305,5708
"4/30/22",522325,5709
"5/1/22",522434,5709
"5/2/22",522434,5709
"5/3/22",522514,5709
"5/4/22",522564,5709
"5/5/22",522587,5709
"5/6/22",522625,5709
"5/7/22",522672,5709
"5/8/22",522749,5709
"5/9/22",522749,5709
"5/10/22",522749,5709
"5/11/22",522840,5710
"5/12/22",522840,5710
"5/13/22",522921,5711
"5/14/22",522921,5711
"5/15/22",523020,5712
"5/16/22",523059,5712
"5/17/22",523059,5712
"5/18/22",523119,5713
"5/19/22",523174,5715
"5/20/22",523238,5716
"5/21/22",523266,5716
"5/22/22",523343,5716
"5/23/22",523377,5716
"5/24/22",523411,5717
"5/25/22",523411,5717
"5/26/22",523444,5718
"5/27/22",523540,5720
"5/28/22",523593,5720
"5/29/22",523618,5721
"5/30/22",523618,5721
"5/31/22",523654,5721
"6/1/22",523710,5722
"6/2/22",523710,5722
"6/3/22",523769,5722
"6/4/22",523833,5722
"6/5/22",523901,5722
"6/6/22",523937,5722
"6/7/22",523969,5722
"6/8/22",523969,5722
"6/9/22",524085,5722
"6/10/22",524152,5723
"6/11/22",524152,5723
"6/12/22",524291,5724
"6/13/22",524321,5724
"6/14/22",524321,5724
"6/15/22",524370,5724
"6/16/22",524488,5724
"6/17/22",524718,5724
"6/18/22",524823,5724
"6/19/22",524911,5724
"6/20/22",524978,5724
"6/21/22",525105,5725
"6/22/22",525105,5725
"6/23/22",525340,5725
"6/24/22",525539,5726
"6/25/22",525716,5728
"6/26/22",525782,5729
"6/27/22",525827,5730
"6/28/22",525827,5730
"6/29/22",526022,5732
"6/30/22",526022,5732
"7/1/22",526454,5734
"7/2/22",526688,5735
"7/3/22",526688,5735
"7/4/22",527074,5735
"7/5/22",527074,5735
"7/6/22",527241,5737
"7/7/22",527347,5738
"7/8/22",527789,5739
"7/9/22",527964,5740
"7/10/22",528292,5741
"7/11/22",528429,5741
"7/12/22",528566,5741
"7/13/22",528785,5742
"7/14/22",528994,5743
"7/15/22",529384,5745
"7/16/22",529730,5747
"7/17/22",530402,5748
"7/18/22",530649,5748
"7/19/22",530649,5748
"7/20/22",531094,5753
"7/21/22",531657,5753
"7/22/22",531963,5755
"7/23/22",531963,5755
"7/24/22",532902,5757
"7/25/22",533195,5757
"7/26/22",533195,5757
"7/27/22",533379,5757
"7/28/22",534451,5759
"7/29/22",534906,5761
"7/30/22",535277,5762
"7/31/22",535836,5763
"8/1/22",536086,5763
"8/2/22",536086,5763
"8/3/22",536586,5763
"8/4/22",537177,5764
"8/5/22",537487,5766
"8/6/22",538155,5768
"8/7/22",538435,5768
"8/8/22",538631,5768
"8/9/22",538631,5768
"8/10/22",539205,5770
"8/11/22",539205,5770
"8/12/22",539205,5770
"8/13/22",540102,5775
"8/14/22",540222,5778
"8/15/22",540222,5778
"8/16/22",540681,5779
"8/17/22",540796,5781
"8/18/22",540796,5781
"8/19/22",540977,5784
"8/20/22",541322,5786
"8/21/22",541405,5788
"8/22/22",541600,5790
"8/23/22",541708,5790
"8/24/22",541708,5790
"8/25/22",541807,5792
"8/26/22",542039,5794
"8/27/22",542199,5794
"8/28/22",542252,5796
"8/29/22",542281,5796
"8/30/22",542281,5796
"8/31/22",542508,5796
"9/1/22",542508,5796
"9/2/22",542508,5796
"9/3/22",542874,5798
"9/4/22",542874,5798
"9/5/22",542952,5801
"9/6/22",543123,5803
"9/7/22",543204,5804
"9/8/22",543204,5804
"9/9/22",543204,5804
"9/10/22",543759,5807
"9/11/22",543811,5809
"9/12/22",543832,5809
"9/13/22",543832,5809
"9/14/22",543930,5809
"9/15/22",544057,5809
"9/16/22",544090,5809
"9/17/22",544090,5809
"9/18/22",544210,5811
"9/19/22",544248,5812
"9/20/22",544270,5814
"9/21/22",544310,5814
"9/22/22",544310,5814
"9/23/22",544355,5814
"9/24/22",544450,5814
"9/25/22",544450,5814
"9/26/22",544531,5814
"9/27/22",544620,5814
"9/28/22",544687,5814
"9/29/22",544687,5814
"9/30/22",544803,5814
"10/1/22",544860,5816
"10/2/22",544874,5816
"10/3/22",544884,5816
"10/4/22",544884,5816
"10/5/22",544907,5818
"10/6/22",544921,5818
"10/7/22",544921,5818
"10/8/22",544950,5818
"10/9/22",544950,5818
"10/10/22",544964,5818
"10/11/22",544966,5818
"10/12/22",545013,5818
"10/13/22",545159,5818
"10/14/22",545193,5819
"10/15/22",545231,5820
"10/16/22",545323,5820
"10/17/22",545323,5820
"10/18/22",545377,5820
"10/19/22",545469,5820
"10/20/22",545469,5820
"10/21/22",545523,5820
"10/22/22",545523,5820
"10/23/22",545593,5820
"10/24/22",545616,5820
"10/25/22",545616,5820
"10/26/22",545665,5820
"10/27/22",545777,5820
"10/28/22",545777,5820
"10/29/22",545839,5820
"10/30/22",545878,5820
"10/31/22",545899,5820
"11/1/22",545899,5820
"11/2/22",545926,5820
"11/3/22",545951,5820
"11/4/22",545963,5820
"11/5/22",546047,5821
"11/6/22",546110,5823
"11/7/22",546110,5823
"11/8/22",546122,5823
"11/9/22",546202,5823
"11/10/22",546202,5823
"11/11/22",546262,5824
"11/12/22",546384,5824
"11/13/22",546384,5824
"11/14/22",546461,5824
"11/15/22",546489,5825
"11/16/22",546534,5825
"11/17/22",546534,5825
"11/18/22",546733,5825
"11/19/22",546733,5825
"11/20/22",546839,5827
"11/21/22",546839,5827
"11/22/22",546890,5827
"11/23/22",547049,5827
"11/24/22",547049,5827
"11/25/22",547112,5827
"11/26/22",547301,5828
"11/27/22",547351,5828
"11/28/22",547351,5828
"11/29/22",547396,5828
"11/30/22",547396,5828
"12/1/22",547631,5828
"12/2/22",547631,5828
"12/3/22",547772,5829
"12/4/22",547772,5829
"12/5/22",547891,5829
"12/6/22",547891,5829
"12/7/22",547962,5829
"12/8/22",548061,5829
"12/9/22",548150,5829
"12/10/22",548150,5829
"12/11/22",548348,5830
"12/12/22",548455,5830
"12/13/22",548570,5830
"12/14/22",548570,5830
"12/15/22",548570,5830
"12/16/22",548800,5830
"12/17/22",548965,5830
"12/18/22",549085,5830
"12/19/22",549207,5830
"12/20/22",549273,5830
"12/21/22",549378,5830
"12/22/22",549548,5830
"12/23/22",549679,5830
"12/24/22",549844,5830
"12/25/22",550126,5830
"12/26/22",550146,5830
"12/27/22",550219,5830
"12/28/22",550219,5830
"12/29/22",550388,5831
"12/30/22",550388,5831
"12/31/22",550522,5832
"1/1/23",550613,5832
"1/2/23",550613,5832
"1/3/23",550624,5832
"1/4/23",550641,5832
"1/5/23",550657,5832
"1/6/23",550716,5832
"1/7/23",550716,5832
"1/8/23",550740,5834
"1/9/23",550754,5834
"1/10/23",550779,5834
"1/11/23",550802,5834
"1/12/23",550802,5834
"1/13/23",550820,5834
"1/14/23",550997,5837
"1/15/23",550997,5837
"1/16/23",551024,5837
"1/17/23",551024,5837
"1/18/23",551062,5837
"1/19/23",551191,5840
"1/20/23",551191,5840
"1/21/23",551204,5840
"1/22/23",551283,5840
"1/23/23",551295,5840
"1/24/23",551297,5840
"1/25/23",551351,5840
"1/26/23",551389,5843
"1/27/23",551399,5845
"1/28/23",551399,5845
"1/29/23",551412,5845
"1/30/23",551542,5845
"1/31/23",551587,5845
"2/1/23",551587,5845
"2/2/23",551601,5845
"2/3/23",551601,5845
"2/4/23",551619,5847
"2/5/23",551645,5849
"2/6/23",551645,5849
"2/7/23",551647,5849
"2/8/23",551666,5851
"2/9/23",551673,5851
"2/10/23",551673,5851
"2/11/23",551673,5851
"2/12/23",551720,5851
"2/13/23",551801,5851
"2/14/23",551804,5851
"2/15/23",551874,5851
"2/16/23",551886,5851
"2/17/23",551904,5852
"2/18/23",551904,5852
"2/19/23",551911,5852
"2/20/23",551911,5852
"2/21/23",551928,5852
"2/22/23",551940,5852
"2/23/23",551954,5852
"2/24/23",551954,5852
"2/25/23",551957,5852
"2/26/23",551974,5853
"2/27/23",551974,5853
"2/28/23",551981,5853
"3/1/23",551986,5854
"3/2/23",551986,5854
"3/3/23",552014,5854
"3/4/23",552051,5854
"3/5/23",552051,5854
"3/6/23",552125,5854
"3/7/23",552157,5854
"3/8/23",552157,5854
"3/9/23",552162,5854
